"ium | 3 | e
architettura | 1 | f","ium | 3 | d
architettura | 1 | e
algoritmi | 2 | f","sicurezza | 3 | b
analisi | 1 | c
algoritmi | 2 | f","economia | 2 | b
architettura | 1 | c","economia | 2 | b
analisi | 1 | d"
"sicurezza | 3 | d
economia | 2 | e
architettura | 1 | f","","analisi | 1 | c
ium | 3 | e","economia | 2 | b
architettura | 1 | c
ium | 3 | e","analisi | 1 | d"
"","analisi | 1 | b
sicurezza | 3 | c
economia | 2 | e","economia | 2 | c
architettura | 1 | e","algoritmi | 2 | b
sicurezza | 3 | d
analisi | 1 | e","algoritmi | 2 | b
ium | 3 | d"
"algoritmi | 2 | a
sicurezza | 3 | d
analisi | 1 | e","analisi | 1 | b
ium | 3 | d
economia | 2 | e","sicurezza | 3 | b
economia | 2 | c","sicurezza | 3 | d","algoritmi | 2 | b
sicurezza | 3 | e
architettura | 1 | f"
